Date,Open,High,Low,Close,Volume,Dividends,Stock Splits
2024-01-02,1893.9337408212723,1897.964494435334,1859.100487574428,1890.6494140625,279468,0.0,0.0
2024-01-03,1888.957500758717,1888.957500758717,1844.61969839146,1852.2332763671875,450711,0.0,0.0
2024-01-04,1857.0599710926513,1863.4793141308498,1831.233653756094,1844.4703369140625,448704,0.0,0.0
2024-01-05,1851.2380877884086,1861.5387540234758,1826.7553113994636,1832.37841796875,391876,0.0,0.0
2024-01-08,1832.328627896964,1835.8617636225974,1794.4101677839706,1799.4361572265625,972370,0.0,0.0
2024-01-09,1813.5185546875,1826.5064299611013,1801.3767270015492,1813.5185546875,562377,0.0,0.0
2024-01-10,1819.1914625104653,1821.1819340222685,1796.251229741435,1802.3221435546875,307426,0.0,0.0
2024-01-11,1810.2839856332273,1820.2861533326,1795.8033786298104,1803.7154541015625,533209,0.0,0.0
2024-01-12,1813.269752430936,1814.3147985790972,1796.8981727013495,1803.2178955078125,265406,0.0,0.0
2024-01-15,1811.329071633182,1815.1607049869658,1779.7303364549657,1794.1612548828125,719547,0.0,0.0
2024-01-16,1806.2534373098865,1811.428614758614,1774.7542006468097,1785.602294921875,298260,0.0,0.0
2024-01-17,1780.5264804850444,1794.6587788518113,1762.5624274762556,1766.2447509765625,319628,0.0,0.0
2024-01-18,1766.5434657597002,1789.4338881329245,1731.710214322185,1782.8653564453125,876994,0.0,0.0
2024-01-19,1798.341241490659,1850.1433123606985,1793.0167543730606,1841.9326171875,623395,0.0,0.0
2024-01-23,1826.207865360206,1830.039620344999,1756.5911704034534,1765.9464111328125,1306351,0.0,0.0
2024-01-24,1771.320597713895,1825.511134520972,1763.7567089882953,1819.1416015625,489460,0.0,0.0
2024-01-25,1820.783888760417,1824.2672140463758,1777.9887495329244,1791.4742431640625,512718,0.0,0.0
2024-01-29,1801.3767016356605,1866.0670251750628,1801.3767016356605,1859.8468017578125,1046879,0.0,0.0
2024-01-30,1880.945691924955,1880.945691924955,1854.3729469164405,1867.510009765625,773114,0.0,0.0
2024-01-31,1833.224275986141,1875.024178044457,1798.4905235494589,1821.6795654296875,1742853,0.0,0.0
2024-02-01,1825.2623757085498,1895.9241143537556,1811.329075130622,1880.1993408203125,1028119,0.0,0.0
2024-02-02,1880.8959732597848,1933.7429646188898,1880.8959732597848,1893.3861083984375,829998,0.0,0.0
2024-02-05,1900.9002919712402,1910.703339859836,1851.1385042233019,1865.8680419921875,814203,0.0,0.0
2024-02-06,1884.926764395046,1895.8743580183707,1865.868096323616,1879.7515869140625,387406,0.0,0.0
2024-02-07,1885.9717566403745,1903.8860002390693,1877.3132541631678,1885.3248291015625,265200,0.0,0.0
2024-02-08,1893.9336798089982,1901.895566008931,1860.6927806265307,1864.5244140625,479678,0.0,0.0
2024-02-09,1870.0479470217003,1871.9886081104482,1826.8050029093226,1843.6243896484375,358812,0.0,0.0
2024-02-12,1843.6244518177125,1945.6859285313092,1824.8145929732877,1929.1650390625,1545736,0.0,0.0
2024-02-13,1934.6885985245815,1938.6198528556872,1865.7188299890777,1890.6494140625,484655,0.0,0.0
2024-02-14,1871.043174029701,1945.6360434626777,1871.043174029701,1941.0579833984375,609990,0.0,0.0
2024-02-15,1945.6361951150943,1956.6335993938594,1935.3355287954853,1945.934814453125,397001,0.0,0.0
2024-02-16,1945.9347944248689,1974.348825058894,1938.9183334520812,1959.4202880859375,360551,0.0,0.0
2024-02-19,1960.7638366001925,1964.396471569669,1939.167146836675,1957.3302001953125,421390,0.0,0.0
2024-02-20,1957.3301123271956,1975.4931648704605,1935.634045744101,1942.7001953125,329238,0.0,0.0
2024-02-21,1956.6336056882933,1960.6145489348614,1913.5896568347741,1921.302734375,649882,0.0,0.0
2024-02-22,1933.7431010536443,1960.564656458866,1915.928356473415,1955.78759765625,305171,0.0,0.0
2024-02-23,1971.561991540284,2085.0188653593614,1958.6239269819682,2066.009765625,2917191,0.0,0.0
2024-02-26,2084.023837926555,2114.3287204986123,2032.3213849077833,2074.519287109375,2331714,0.0,0.0
2024-02-27,2084.919392542571,2124.380638032124,2065.114297196598,2085.267822265625,1057268,0.0,0.0
2024-02-28,2093.9760839840437,2106.6653401963995,2029.4847567563386,2042.671630859375,639894,0.0,0.0
2024-02-29,2042.721420645628,2080.0427620703354,2021.8214694477922,2059.242431640625,2050782,0.0,0.0
2024-03-01,2076.559636902061,2096.165734890298,2056.207112013428,2063.72119140625,388318,0.0,0.0
2024-03-04,2104.924001032862,2109.302941952749,2061.681048283271,2087.109375,763233,0.0,0.0
2024-03-05,2095.966707875356,2133.586671740414,2078.0524625088997,2096.713134765625,803395,0.0,0.0
2024-03-06,2100.942809154585,2100.942809154585,2037.894644461362,2083.028564453125,477261,0.0,0.0
2024-03-07,2070.140182809196,2123.833103248497,2070.140182809196,2090.243896484375,415811,0.0,0.0
2024-03-11,2090.2438075897635,2114.826081121382,2067.40319655703,2090.990234375,801434,0.0,0.0
2024-03-12,2091.985596138844,2099.6488630001827,2025.8522275776202,2034.6102294921875,479940,0.0,0.0
2024-03-13,2039.2879066301314,2073.3249214273214,1966.1877663043474,1991.6160888671875,1066781,0.0,0.0
2024-03-14,1972.8059781234547,2036.00344545141,1966.1379474890693,2006.046875,563858,0.0,0.0
2024-03-15,2005.4000529600698,2047.5979519206942,1947.4773804229226,2020.527587890625,514531,0.0,0.0
2024-03-18,2025.5534374166634,2040.2331638394105,1935.18598819843,1961.21142578125,1769550,0.0,0.0
2024-03-19,1970.46720343561,2012.366602463134,1869.6497775752719,1942.4512939453125,2131586,0.0,0.0
2024-03-20,1942.4514859818598,1955.638360422367,1886.8177800822734,1895.77490234375,1106750,0.0,0.0
2024-03-21,1905.4785014322213,1940.7098742157336,1892.9385542350387,1933.24560546875,390508,0.0,0.0
2024-03-22,1930.7573326708416,1947.4275312905513,1902.9405423755377,1929.66259765625,519482,0.0,0.0
2024-03-26,1916.6250994642514,1989.4763094229104,1916.6250994642514,1983.4053955078125,456184,0.0,0.0
2024-03-27,2000.2248978006894,2009.1820197246852,1978.23009010744,1988.58056640625,327476,0.0,0.0
2024-03-28,2000.423977092161,2002.4642590971316,1972.5573744262006,1981.7633056640625,379847,0.0,0.0
2024-04-01,1988.6801019905688,2028.0915363666345,1985.4953960660605,2020.030029296875,445828,0.0,0.0
2024-04-02,2040.2334406622367,2051.181034734083,2027.295374940964,2041.92529296875,490877,0.0,0.0
2024-04-03,2041.9251861128942,2055.3110586592934,2018.7362655038214,2047.9464111328125,290457,0.0,0.0
2024-04-04,2084.0237556818183,2089.9951704545456,2041.2784268625433,2052.673828125,379027,0.0,0.0
2024-04-05,2052.6737823840763,2058.09776875294,2026.2502240080717,2032.570068359375,301755,0.0,0.0
2024-04-08,2048.842027522686,2048.842027522686,1991.5662816622464,2015.1534423828125,670678,0.0,0.0
2024-04-09,2033.167055448552,2033.3660539949792,1980.519062112733,1987.5355224609375,173393,0.0,0.0
2024-04-10,1998.38358612094,2005.1014274687504,1980.5191529100364,1985.744140625,180200,0.0,0.0
2024-04-12,1980.6684762392392,2012.9141392289978,1950.711904097805,1954.891845703125,413279,0.0,0.0
2024-04-15,1930.8072915041034,1967.431896603194,1926.8263482440666,1960.166748046875,570103,0.0,0.0
2024-04-16,1935.7335047831527,1994.20360422069,1935.7335047831527,1977.8817138671875,423415,0.0,0.0
2024-04-18,1980.5192231034707,1998.4334673325475,1965.6404966309299,1977.9813232421875,500791,0.0,0.0
2024-04-19,1965.5906315142188,1968.028910537563,1929.0157172316126,1934.3900146484375,494224,0.0,0.0
2024-04-22,1940.6101731218537,1971.5619800095158,1940.6101731218537,1952.3538818359375,332780,0.0,0.0
2024-04-23,1958.6737273008937,1968.8748935348463,1944.690616696908,1949.2686767578125,507115,0.0,0.0
2024-04-24,1956.6335207776706,1985.594857341891,1948.6716346300502,1979.3746337890625,165710,0.0,0.0
2024-04-25,1996.4430519975872,2023.0157997571907,1976.538335626724,2001.0709228515625,689666,0.0,0.0
2024-04-26,2007.3406809819126,2033.4656192061655,1976.0405654953981,2030.0321044921875,351693,0.0,0.0
2024-04-29,2047.2000069958078,2079.0475520730397,2031.2264240725115,2045.7071533203125,639029,0.0,0.0
2024-04-30,2013.3617787904614,2139.1594714359153,2013.3617787904614,2108.0087890625,1100749,0.0,0.0
2024-05-02,2109.8998371291173,2131.795024118193,2045.557941645395,2053.07177734375,463442,0.0,0.0
2024-05-03,2069.045555339628,2073.9719242815754,2034.3616097020079,2059.640625,298394,0.0,0.0
2024-05-06,2053.8678634217576,2106.615355468525,2050.185539930967,2099.44970703125,445527,0.0,0.0
2024-05-07,2104.4258495175136,2120.8472382699556,2021.3734804529272,2058.74462890625,386392,0.0,0.0
2024-05-08,2050.782737562641,2117.861525143592,2040.5815718517758,2079.296142578125,614527,0.0,0.0
2024-05-09,2087.905167423592,2097.95714657875,2050.4844456999585,2062.178466796875,295120,0.0,0.0
2024-05-10,2055.410793523513,2154.585946580483,2050.185805427157,2148.36572265625,1055032,0.0,0.0
2024-05-13,2164.538389279306,2217.3855109917,2109.1038001000147,2204.994873046875,1447510,0.0,0.0
2024-05-14,2215.3449694863984,2232.6124069427688,2190.0660786231742,2201.013671875,733542,0.0,0.0
2024-05-15,2203.5018926158464,2226.8401237530898,2171.2065391931155,2201.959228515625,532249,0.0,0.0
2024-05-16,2199.5208499605915,2268.1423073283645,2199.3714188094254,2262.220703125,763037,0.0,0.0
2024-05-17,2279.089767846966,2340.794381648936,2255.6021079829707,2292.02783203125,1246909,0.0,0.0
2024-05-21,2189.5188460660547,2194.3954044867473,2051.2308748157006,2068.299072265625,2005808,0.0,0.0
2024-05-22,2076.310468565176,2114.875851744038,2068.398393385909,2095.4189453125,996545,0.0,0.0
2024-05-23,2104.9237698365714,2123.2858222119867,2081.5357279494983,2095.17041015625,561757,0.0,0.0
2024-05-24,2108.7056464026173,2154.9841107683105,2102.2864241344864,2138.76171875,891219,0.0,0.0
2024-05-27,2156.626087757422,2191.8575795495376,2130.0035311006272,2163.891357421875,1501537,0.0,0.0
2024-05-28,2165.3345073858986,2188.5235503989948,2130.79987330798,2138.413330078125,428424,0.0,0.0
2024-05-29,2132.6906782535666,2134.780770604594,2096.4641926706654,2103.978271484375,287874,0.0,0.0
2024-05-30,2104.92371469673,2112.8856010880177,2078.599776411032,2091.537841796875,325338,0.0,0.0
2024-05-31,2109.8999638827677,2123.733644756849,2060.138172281759,2086.8603515625,1720844,0.0,0.0
2024-06-03,2137.766350368418,2168.6684684140705,2108.655705234211,2135.77587890625,756841,0.0,0.0
2024-06-04,2131.8447503337516,2131.8447503337516,1922.1983188927704,2002.5137939453125,871166,0.0,0.0
2024-06-05,2010.3762751107045,2117.5631199951195,1976.588068983425,2106.217529296875,636073,0.0,0.0
2024-06-06,2117.8119217180124,2173.5949355787047,2100.44510601596,2139.060302734375,465552,0.0,0.0
2024-06-07,2144.7331920074143,2159.6617293067698,2134.5818352393517,2148.51513671875,408587,0.0,0.0
2024-06-10,2169.6138538774153,2174.590032441354,2104.5751028557447,2150.45556640625,1119452,0.0,0.0
2024-06-11,2140.801935553225,2218.927942910647,2139.7568894070882,2184.393310546875,664660,0.0,0.0
2024-06-12,2196.4854850667343,2247.0435140162845,2189.568644617733,2215.8427734375,706912,0.0,0.0
2024-06-13,2229.825704912126,2238.235398430671,2211.612842034153,2225.546142578125,292695,0.0,0.0
2024-06-14,2239.2801667701738,2281.030252839577,2231.7660891706328,2258.637451171875,658492,0.0,0.0
2024-06-18,2259.2847316468556,2286.8527128185196,2240.2756319810383,2246.446044921875,360927,0.0,0.0
2024-06-19,2235.4985869811694,2240.225956992295,2188.8221255360036,2194.096923828125,193812,0.0,0.0
2024-06-20,2210.5677892901062,2234.2046383565475,2188.5732249979255,2201.013671875,314667,0.0,0.0
2024-06-21,2236.792309728365,2289.9378006750817,2217.8330204208237,2262.817626953125,842534,0.0,0.0
2024-06-24,2262.1210626682914,2381.997160865168,2232.6622300815598,2373.0400390625,2101515,0.0,0.0
2024-06-25,2380.6040482036124,2403.4944717440317,2359.8037170470107,2374.085205078125,895010,0.0,0.0
2024-06-26,2382.992520954395,2441.3134364812254,2378.6135805911654,2394.537353515625,1008811,0.0,0.0
2024-06-27,2373.9358501280244,2428.3751963020886,2356.220605428359,2406.231201171875,451988,0.0,0.0
2024-06-28,2401.205197997504,2401.205197997504,2357.8130659411336,2369.457275390625,333399,0.0,0.0
2024-07-01,2368.6613518953377,2378.3150911626035,2351.7921526275504,2366.820068359375,221539,0.0,0.0
2024-07-02,2359.8036675790577,2442.3086169846515,2359.8036675790577,2405.236083984375,713240,0.0,0.0
2024-07-03,2409.117428536793,2413.4468014334525,2361.2965429975975,2388.66552734375,310243,0.0,0.0
2024-07-04,2387.670004977942,2387.670004977942,2342.1379728487045,2358.2607421875,322610,0.0,0.0
2024-07-05,2357.7135994318182,2421.856497853366,2357.7135994318182,2394.7861328125,722122,0.0,0.0
2024-07-08,2402.499165734554,2402.698164294462,2296.8549851945113,2319.34716796875,871732,0.0,0.0
2024-07-09,2328.8516076589594,2336.7636831151267,2292.0776960394974,2324.373046875,336505,0.0,0.0
2024-07-10,2327.8564211010653,2357.91249217947,2281.4783379231953,2338.306396484375,305366,0.0,0.0
2024-07-11,2336.962575435061,2342.933989542233,2301.5323308523166,2327.308837890625,248612,0.0,0.0
2024-07-12,2327.3092159170465,2335.271102686531,2274.1139085339305,2291.38134765625,214191,0.0,0.0
2024-07-15,2289.0422773509026,2289.0422773509026,2231.8162204171304,2251.820556640625,526725,0.0,0.0
2024-07-16,2253.114153077558,2274.11372492762,2238.3350477414324,2256.05029296875,210636,0.0,0.0
2024-07-18,2266.1018620813975,2266.1018620813975,2221.4158766665323,2238.981689453125,194539,0.0,0.0
2024-07-19,2244.9033247264597,2304.866276057795,2208.9256511186454,2261.275146484375,821041,0.0,0.0
2024-07-22,2260.18047989696,2303.871233902564,2215.942297611163,2249.431884765625,875601,0.0,0.0
2024-07-23,2263.166060922557,2263.166060922557,2167.6732407645254,2225.89453125,413108,0.0,0.0
2024-07-24,2225.3470945817776,2225.3470945817776,2184.094622126103,2189.07080078125,234746,0.0,0.0
2024-07-25,2165.6330200068987,2186.5329710271862,2153.690190852449,2163.891357421875,281751,0.0,0.0
2024-07-26,2173.5951328572137,2226.890062114118,2173.5951328572137,2204.994873046875,260079,0.0,0.0
2024-07-29,2222.2618768218695,2229.3779584380854,2177.5758874737544,2192.255615234375,534045,0.0,0.0
2024-07-30,2198.4759004048683,2203.4520794460745,2178.5711842400437,2183.54736328125,382126,0.0,0.0
2024-07-31,2199.471271996359,2199.471271996359,2169.5643855169255,2178.322509765625,502783,0.0,0.0
2024-08-01,2194.4947697420075,2198.4757126349637,2147.619069986462,2158.46728515625,330769,0.0,0.0
2024-08-02,2139.756710816228,2160.1092318654764,2115.9208648889066,2120.2998046875,210897,0.0,0.0
2024-08-05,2090.244006147636,2111.691386409594,2053.3206604728502,2095.468994140625,471373,0.0,0.0
2024-08-06,2099.947596322716,2138.2641756868984,2070.836948364214,2080.789306640625,380127,0.0,0.0
2024-08-07,2101.340673121508,2126.3211877297795,2088.0046112132354,2114.8759765625,227045,0.0,0.0
2024-08-08,2114.8761720878388,2121.395015472598,2065.114379803419,2072.280029296875,183709,0.0,0.0
2024-08-09,2065.2136800500984,2087.7556712653386,2005.399917816545,2021.6719970703125,632306,0.0,0.0
2024-08-12,2020.3285454483723,2020.3285454483723,1906.4238639815194,1928.6673583984375,1768080,0.0,0.0
2024-08-13,1931.7525343001064,1949.6667772766143,1894.431194765715,1901.24853515625,601770,0.0,0.0
2024-08-14,1917.8192374482726,1917.8192374482726,1850.1432083115408,1854.0743408203125,810952,0.0,0.0
2024-08-16,1871.3129212217186,1904.3449068579544,1855.021163726711,1882.77197265625,816779,2.25,0.0
2024-08-19,1897.4194705621478,1902.8501371680115,1864.3377378709665,1876.0458984375,1593840,0.0,0.0
2024-08-20,1876.0958152616136,1903.74700366365,1876.0958152616136,1889.99609375,816174,0.0,0.0
2024-08-21,1892.1881372740213,1902.0529095095676,1873.2060438255726,1883.5191650390625,673857,0.0,0.0
2024-08-22,1901.255888510761,1954.017296170751,1888.302178745223,1948.9852294921875,1036936,0.0,0.0
2024-08-23,1962.98524525606,1964.9781236776396,1924.7718258493971,1939.41943359375,903580,0.0,0.0
2024-08-26,1960.9923778947445,1985.9033583049927,1949.0849779129044,1966.921142578125,783184,0.0,0.0
2024-08-27,1972.8998109662891,1972.8998109662891,1943.056504588535,1946.1953125,280917,0.0,0.0
2024-08-28,1948.038626299074,1974.6933747663375,1939.1205441577424,1951.1275634765625,708790,0.0,0.0
2024-08-29,1951.4763743423757,1954.963911670614,1905.5405498604243,1923.9249267578125,281376,0.0,0.0
2024-08-30,1938.074315753389,1938.074315753389,1907.1846994097618,1912.515625,441021,0.0,0.0
2024-09-02,1927.7611775727921,1930.8002442380575,1903.1989262653274,1909.67578125,420363,0.0,0.0
2024-09-03,1913.5618666460446,1936.7788270566755,1909.725600047883,1919.1917724609375,330865,0.0,0.0
2024-09-04,1903.9462531988436,1936.579637886669,1903.9462531988436,1928.9071044921875,256231,0.0,0.0
2024-09-05,1940.0670816505858,1940.0670816505858,1910.0244160744767,1926.216552734375,368394,0.0,0.0
2024-09-06,1928.060050374679,1932.9924975725562,1889.2487908002106,1892.736328125,312986,0.0,0.0
2024-09-09,1903.1989822155874,1916.451672997318,1870.8147063401914,1909.7257080078125,484580,0.0,0.0
2024-09-10,1919.0921185150276,1945.0494095456525,1910.174035911381,1935.1348876953125,352805,0.0,0.0
2024-09-11,1945.0494383185007,1953.0209524099698,1907.4837268167125,1916.2523193359375,335566,0.0,0.0
2024-09-12,1923.1276791183802,1941.4621849459127,1919.7896320853815,1932.7930908203125,510533,0.0,0.0
2024-09-13,1933.0423056119748,1949.0850751046698,1923.1277835685637,1927.5618896484375,286166,0.0,0.0
2024-09-16,1927.5619101493564,1936.5797342577123,1890.7933981478154,1897.369873046875,505775,0.0,0.0
2024-09-17,1903.198943664336,1909.625928092084,1893.7327709078902,1902.3021240234375,196810,0.0,0.0
2024-09-18,1902.302191045605,1913.1135328264802,1868.3236361761456,1889.6474609375,273488,0.0,0.0
2024-09-19,1893.1348809658346,1913.1134141614068,1873.3057163433687,1901.6046142578125,308606,0.0,0.0
2024-09-20,1916.152579847337,1935.08492463002,1896.2237958655655,1921.03515625,518567,0.0,0.0
2024-09-23,1940.0671288925462,1974.693391208425,1932.4443446599073,1965.376708984375,1140689,0.0,0.0
2024-09-24,1979.426497106029,2008.7715832817591,1966.9211363255783,2001.7965087890625,1238922,0.0,0.0
2024-09-25,2024.7644469415056,2030.6932115054083,1992.9282632730362,2017.739501953125,661747,0.0,0.0
2024-09-26,2022.5724050029305,2022.67202459916,1992.878467187576,2001.3980712890625,317884,0.0,0.0
2024-09-27,1979.0778165474237,2019.2841154668206,1979.0778165474237,1997.711181640625,368524,0.0,0.0
2024-09-30,2002.8429549561754,2006.33049243993,1965.7255917362163,1982.4658203125,827247,0.0,0.0
2024-10-01,1982.9140461786212,1994.5723363888299,1951.5262107742863,1967.46923828125,558479,0.0,0.0
2024-10-03,1938.0743567540994,1964.9782167193234,1900.7577551973363,1912.1170654296875,492776,0.0,0.0
2024-10-04,1914.1597435243543,1918.1455004083195,1871.3627276370353,1886.408935546875,544086,0.0,0.0
2024-10-07,1891.0922972109224,1900.757831382041,1842.5158814378212,1880.7791748046875,603553,0.0,0.0
2024-10-08,1878.2878781947684,1899.1632306270787,1873.8039018277252,1892.337646484375,313473,0.0,0.0
2024-10-09,1892.337805145569,1915.604637918216,1888.2524284401907,1894.9783935546875,340800,0.0,0.0
2024-10-10,1898.2166876152853,1908.181079676258,1884.2166681153608,1892.6864013671875,269728,0.0,0.0
2024-10-11,1892.188262388457,1897.2203292479178,1875.298665779717,1890.693603515625,316306,0.0,0.0
2024-10-14,1888.252363999137,1907.1847096012393,1877.5905127616868,1898.6153564453125,551594,0.0,0.0
2024-10-15,1900.109984328832,1910.7220864125393,1886.408944971748,1897.718505859375,289324,0.0,0.0
2024-10-16,1897.7185325686962,1900.3092502655509,1875.3485202850893,1887.853759765625,183555,0.0,0.0
2024-10-17,1877.2913978094384,1883.867872009668,1841.6188268401193,1856.1170654296875,528719,0.0,0.0
2024-10-18,1859.9037135387969,1872.3093334322923,1836.7862501712286,1865.0352783203125,313813,0.0,0.0
2024-10-21,1868.1741453862626,1891.2417388676536,1828.316574493372,1843.4625244140625,639520,0.0,0.0
2024-10-22,1854.772053761476,1861.0994187042006,1774.3095839125324,1783.7757568359375,540604,0.0,0.0
2024-10-23,1783.7756969834547,1802.5585519846338,1760.259755679386,1786.7650146484375,819053,0.0,0.0
2024-10-24,1802.608421859104,1803.554990465034,1767.1350882740367,1785.5692138671875,591028,0.0,0.0
2024-10-25,1794.5373381103109,1814.4661244371337,1746.9573607550215,1792.893310546875,993364,0.0,0.0
2024-10-28,1795.5335156669557,1807.7398955126423,1784.3235749923458,1788.857421875,362060,0.0,0.0
2024-10-29,1797.5763685084817,1800.0175959644475,1733.8042578740344,1753.6334228515625,640667,0.0,0.0
2024-10-30,1760.0106325813533,1763.64753840443,1727.177887494209,1740.6796875,684713,0.0,0.0
2024-10-31,1743.7187582346899,1768.6796092619124,1733.804236684917,1764.046142578125,514160,0.0,0.0
2024-11-01,1777.4482548436283,1777.7471136157226,1767.732972855543,1771.91796875,47682,0.0,0.0
2024-11-04,1773.612025304115,1797.576438338667,1722.8434932857845,1744.56591796875,351188,0.0,0.0
2024-11-05,1749.6973328228673,1782.9784258258328,1749.6973328228673,1763.4482421875,1166407,0.0,0.0
2024-11-06,1763.7971165714096,1807.3913343638005,1762.2527086938705,1799.2205810546875,730575,0.0,0.0
2024-11-07,1808.5372272696497,1811.4766743842301,1772.7152851138028,1783.9749755859375,499968,0.0,0.0
2024-11-08,1738.7864550954187,1791.4981146515154,1738.7864550954187,1782.4305419921875,969790,0.0,0.0
2024-11-11,1781.6333381347915,1782.4305381707663,1703.911078417502,1707.448486328125,806463,0.0,0.0
2024-11-12,1718.857647727912,1745.5123967578954,1705.7544477094075,1736.44482421875,686585,0.0,0.0
2024-11-13,1736.4449368222386,1748.352337572227,1715.1709825066298,1723.9395751953125,573401,0.0,0.0
2024-11-14,1721.3466483038808,1737.5528377795113,1709.279294642576,1726.4827880859375,342533,1.5,0.0
2024-11-18,1722.643020904124,1731.070189897193,1690.9287091866288,1711.47314453125,504872,0.0,0.0
2024-11-19,1711.3734666732837,1754.905805602111,1711.3235527825545,1724.488037109375,390428,0.0,0.0
2024-11-21,1720.349223722138,1725.485363144099,1699.8047877754932,1709.2791748046875,238429,0.0,0.0
2024-11-22,1714.3155488004954,1762.4354636201406,1708.9302049493938,1756.8505859375,268430,0.0,0.0
2024-11-25,1773.405809048975,1805.1201228879067,1767.7711392075084,1777.8936767578125,1046427,0.0,0.0
2024-11-26,1787.168623704577,1814.9934274062532,1779.53922437233,1798.33837890625,561727,0.0,0.0
2024-11-27,1804.8707459026703,1804.8707459026703,1778.2427802791606,1785.822265625,544003,0.0,0.0
2024-11-28,1795.147049353681,1845.012245169061,1788.1160080472323,1803.57421875,1094202,0.0,0.0
2024-11-29,1803.5742867685535,1810.056762469028,1777.3950579781767,1785.6727294921875,461910,0.0,0.0
2024-12-02,1785.173935572846,1814.3450739055309,1766.4744879236891,1811.403076171875,538271,0.0,0.0
2024-12-03,1823.8195025170016,1849.6994899601345,1817.6860591992584,1840.7237548828125,624695,0.0,0.0
2024-12-04,1852.7412915311586,1853.8383014559292,1826.4124446306798,1831.548583984375,449981,0.0,0.0
2024-12-05,1832.9946776210961,1839.876098966856,1803.6241260890322,1820.279052734375,351982,0.0,0.0
2024-12-06,1829.504121148963,1845.0122457489,1820.3289738125297,1839.4273681640625,233858,0.0,0.0
2024-12-09,1844.0149212656236,1853.7885482359827,1827.0607548721591,1845.560791015625,305785,0.0,0.0
2024-12-10,1854.8855465906247,1861.966379927164,1835.5378265966501,1842.169921875,256183,0.0,0.0
2024-12-11,1842.1200658558978,1858.7252006485642,1837.931438043875,1847.6551513671875,252022,0.0,0.0
2024-12-12,1849.6994082124831,1851.9932557717902,1819.880120388649,1828.4569091796875,510479,0.0,0.0
2024-12-13,1818.0850057827336,1833.9919542569808,1783.6780213068673,1829.2547607421875,497357,0.0,0.0
2024-12-16,1840.0256632346213,1850.9960059422533,1818.3842176805897,1847.3060302734375,361951,0.0,0.0
2024-12-17,1845.0121783289158,1859.4730845914937,1815.093061923582,1823.869384765625,404973,0.0,0.0
2024-12-18,1825.0661880753773,1837.68210711168,1792.2050723472223,1797.44091796875,353983,0.0,0.0
2024-12-19,1794.1997141554814,1794.1997141554814,1759.194248230453,1777.494873046875,226679,0.0,0.0
2024-12-20,1775.200836490593,1790.8086659461785,1723.0917108127092,1729.9232177734375,292728,0.0,0.0
2024-12-23,1730.322219455812,1741.9408339231636,1712.5203696730505,1716.7589111328125,216433,0.0,0.0
2024-12-24,1723.34106510186,1743.2372283549093,1685.443518531333,1688.93408203125,234613,0.0,0.0
2024-12-26,1703.1957118738528,1703.1957118738528,1648.643113489043,1666.9935302734375,429557,0.0,0.0
2024-12-27,1674.473272682175,1675.6201965322523,1645.5514591575873,1649.640380859375,484231,0.0,0.0
2024-12-30,1660.5109896361882,1669.1874848495195,1630.5918727058065,1656.2225341796875,367378,0.0,0.0
2024-12-31,1656.2225796264029,1657.5690373181756,1627.7994177626092,1647.79541015625,424069,0.0,0.0
2025-01-01,1647.5959162417032,1653.2804996356629,1637.3236376274162,1646.9974365234375,101769,0.0,0.0
2025-01-02,1653.280541716359,1653.4799538000595,1631.6390957633168,1642.8587646484375,335653,0.0,0.0
2025-01-03,1645.551483283044,1650.4880890364122,1611.6431496881207,1617.22802734375,580681,0.0,0.0
2025-01-06,1616.6295527259533,1623.6106797272375,1542.5298274301308,1552.2535400390625,668130,0.0,0.0
2025-01-07,1555.7940948836088,1590.6000255853346,1554.796790976632,1574.54345703125,817396,0.0,0.0
2025-01-08,1584.6659557765643,1584.6659557765643,1528.8668522339751,1549.062255859375,621862,0.0,0.0
2025-01-09,1547.8156249845035,1553.7994482769695,1532.6067407828195,1546.668701171875,526365,0.0,0.0
2025-01-10,1546.8183543214834,1574.1445056254993,1541.98145473777,1560.1822509765625,517164,0.0,0.0
2025-01-13,1545.8210723804366,1545.8210723804366,1463.1944671501483,1467.53271484375,687728,0.0,0.0
2025-01-14,1472.0204496176138,1508.2724194046064,1472.0204496176138,1489.4732666015625,465502,0.0,0.0
2025-01-15,1491.468023464687,1496.6539551908181,1468.6297391784046,1472.36962890625,731479,0.0,0.0
2025-01-16,1483.9881523501876,1504.88161964278,1481.345272757508,1498.2994384765625,240961,0.0,0.0
2025-01-17,1500.1943550171798,1511.7630556270256,1488.027296430155,1497.40185546875,443671,0.0,0.0
2025-01-20,1508.721406661172,1508.721406661172,1477.2564195433633,1479.450439453125,413278,0.0,0.0
2025-01-21,1489.972003674278,1494.7091971263885,1447.1876426743477,1460.6512451171875,533853,0.0,0.0
2025-01-22,1460.8008410387736,1464.790056511827,1427.241541523472,1451.47607421875,462015,0.0,0.0
2025-01-23,1456.113642186913,1495.806265297063,1443.1984833330066,1491.468017578125,686991,0.0,0.0
2025-01-24,1495.8562237719038,1500.3938837142985,1454.418195819436,1464.3912353515625,380626,0.0,0.0
2025-01-27,1461.0502868581425,1462.4963288892677,1422.5044648395485,1458.1580810546875,592839,0.0,0.0
2025-01-28,1461.0002492772312,1490.171387347289,1441.6526516767128,1467.2333984375,934814,0.0,0.0
2025-01-29,1467.03406149543,1489.772639493131,1458.7065981390563,1470.8736572265625,160914,0.0,0.0
2025-01-30,1476.009696761625,1493.9112521576285,1455.0663159291964,1463.792724609375,253587,0.0,0.0
2025-01-31,1475.9100550484402,1526.8722596134924,1474.065067195318,1503.2362060546875,1085898,0.0,0.0
2025-02-01,1545.82103662878,1545.82103662878,1447.9356350256276,1504.6822509765625,561289,0.0,0.0
2025-02-03,1504.632349722592,1515.353366679578,1469.5772149259637,1490.86962890625,335501,0.0,0.0
2025-02-04,1491.8669868571503,1512.9100756240498,1488.0273910398323,1500.6431884765625,665541,0.0,0.0
2025-02-05,1512.1121232184823,1528.816963529507,1492.3655790597215,1515.7025146484375,1412685,0.0,0.0
2025-02-06,1516.8991357583393,1518.8438295436042,1463.8426203375614,1474.713134765625,621641,0.0,0.0
2025-02-07,1478.1540697458092,1484.68633755549,1456.363002846918,1468.1810302734375,182807,0.0,0.0
2025-02-10,1468.180980245125,1475.4114336162165,1440.1068507387847,1442.6500244140625,235593,0.0,0.0
2025-02-11,1438.1121792640656,1445.9909041783144,1401.2618499967384,1411.3345947265625,260603,0.0,0.0
2025-02-12,1402.2591885735474,1425.5960022955019,1373.038135788737,1390.4410400390625,364276,0.0,0.0
2025-02-13,1379.2712810855396,1394.43025153042,1363.314418831477,1367.00439453125,274368,0.0,0.0
2025-02-14,1366.3062682456234,1371.6917333592096,1308.711971171766,1329.007080078125,639364,0.0,0.0
2025-02-17,1317.6877419584362,1391.2389025786329,1302.0301198516997,1380.7672119140625,1279401,0.0,0.0
2025-02-18,1377.276763192286,1388.197192813657,1346.5099604989036,1359.2255859375,392266,0.0,0.0
2025-02-19,1346.3602630816895,1373.536794317968,1341.7726894964655,1368.001708984375,289289,0.0,0.0
2025-02-20,1366.306366486727,1397.771353769088,1360.1231308969172,1395.8265380859375,275571,0.0,0.0
2025-02-21,1395.826430837823,1412.1822381705222,1368.450489112138,1383.4598388671875,473757,0.0,0.0
2025-02-24,1377.8751275784034,1417.6176660589672,1360.2726883260618,1394.6298828125,775950,0.0,0.0
2025-02-25,1399.366993918911,1404.1539796020106,1374.3844824866262,1385.703857421875,279242,0.0,0.0
2025-02-27,1385.7038798860976,1395.2281809975364,1370.594822924439,1384.3575439453125,534513,0.0,0.0
2025-02-28,1381.2659150111294,1383.2106089386723,1320.08134449588,1333.6446533203125,720390,0.0,0.0
2025-03-03,1344.315775761817,1357.5799666485088,1324.9182631350186,1344.7147216796875,482836,0.0,0.0
2025-03-04,1334.392577982881,1342.37100894242,1278.7429733436193,1303.3265380859375,876471,0.0,0.0
2025-03-05,1300.7336875859532,1329.3562624920908,1300.4344477019872,1314.2969970703125,732223,0.0,0.0
2025-03-06,1318.7848411340678,1333.9439340716558,1312.6016054005645,1327.1123046875,435999,0.0,0.0
2025-03-07,1323.7713692923048,1347.8063700593216,1323.6716632458767,1329.05712890625,333456,0.0,0.0
2025-03-10,1319.4331535444041,1334.1933010106961,1276.6487888431354,1285.6744384765625,409891,0.0,0.0
2025-03-11,1264.28214959149,1294.3010954253043,1261.9385096926874,1283.580078125,352119,0.0,0.0
2025-03-12,1285.52467347807,1293.4033983076715,1241.6932175978513,1261.6890869140625,412080,0.0,0.0
2025-03-13,1262.1379561257224,1267.9721593927188,1228.977602586137,1234.96142578125,518503,0.0,0.0
2025-03-17,1230.7727347020007,1253.2120727448093,1230.7727347020007,1234.712158203125,345802,0.0,0.0
2025-03-18,1234.712158203125,1234.712158203125,1234.712158203125,1234.712158203125,0,0.0,0.0
2025-03-19,1256.602915825114,1274.7537981349972,1254.9075478891311,1257.6002197265625,548789,0.0,0.0
2025-03-20,1266.575924512787,1280.5381787987546,1248.6743686068994,1270.8643798828125,698032,0.0,0.0
2025-03-21,1271.5624432321795,1296.4950401583005,1263.933044224547,1288.06787109375,856583,0.0,0.0
2025-03-24,1298.0410023621964,1342.271408112741,1297.4924364942528,1311.8536376953125,987825,0.0,0.0
2025-03-25,1321.4276828215714,1321.926334777353,1278.5436146243428,1285.3751220703125,736220,0.0,0.0
2025-03-26,1287.5192434112719,1293.2537404287891,1271.5623821451368,1275.4019775390625,458146,0.0,0.0
2025-03-27,1273.5071683928165,1298.0409417640026,1264.4816411284728,1291.059814453125,551070,0.0,0.0
2025-03-28,1291.60830411517,1302.030203298756,1277.3469308646047,1290.7606201171875,571535,0.0,0.0
2025-04-01,1286.5220433197906,1311.4546410585463,1277.5463081338387,1305.9195556640625,545451,0.0,0.0
2025-04-02,1305.4708290974681,1342.071834203797,1293.8024219494564,1337.0355224609375,541708,0.0,0.0
2025-04-03,1317.4383486722163,1357.5299136143651,1317.4383486722163,1354.6876220703125,559179,0.0,0.0
2025-04-04,1346.3602984986042,1354.3387298971143,1320.4803103461672,1333.2457275390625,882272,0.0,0.0
2025-04-07,1246.5799281834397,1298.0409054571944,1240.6959327218087,1284.2281494140625,777109,0.0,0.0
2025-04-08,1290.5611034593494,1316.042143933579,1254.5085447193346,1265.9775390625,449764,0.0,0.0
2025-04-09,1265.9776242775765,1273.3576976564432,1249.023457585597,1262.487060546875,362116,0.0,0.0
2025-04-11,1281.3858626124447,1289.5139135620223,1242.690545211527,1245.5328369140625,416203,0.0,0.0
2025-04-15,1257.1015058984772,1294.5004003619385,1242.24165415009,1290.8104248046875,548875,0.0,0.0
2025-04-16,1295.4976672102132,1321.427566630895,1272.2604394175112,1310.2578125,601613,0.0,0.0
2025-04-17,1321.3279089224864,1323.0232767885993,1280.9371025784174,1303.2767333984375,645710,0.0,0.0
2025-04-21,1306.468104004239,1342.3710442669508,1302.4788884194932,1333.0960693359375,610013,0.0,0.0
2025-04-22,1334.3925605073543,1393.9315520666983,1334.3925605073543,1364.9100341796875,1052588,0.0,0.0
2025-04-23,1371.6919143472435,1409.7888775730823,1362.4169386644357,1403.8050537109375,1179224,0.0,0.0
2025-04-24,1404.2038764539334,1405.7995383289372,1374.883117753602,1387.5489501953125,581544,0.0,0.0
2025-04-25,1386.2524658685095,1395.7268532251646,1323.1230782587359,1339.9775390625,632125,0.0,0.0
2025-04-28,1331.5004254275934,1374.0853754144362,1331.5004254275934,1367.104248046875,291087,0.0,0.0
2025-04-29,1373.1877596590077,1386.2524163570104,1352.3440838705799,1360.8211669921875,249868,0.0,0.0
2025-04-30,1350.9477752778455,1370.0960823051546,1331.400644102187,1341.473388671875,550825,0.0,0.0
2025-05-02,1331.500472328626,1346.2606194078637,1310.2579713495172,1313.74853515625,328216,0.0,0.0
2025-05-05,1312.551700131572,1340.376504597575,1309.6594943373989,1337.1851806640625,236094,0.0,0.0
2025-05-06,1332.3979802279334,1340.077171387559,1286.6217079062944,1296.19580078125,326306,0.0,0.0
2025-05-07,1271.5624843251917,1307.4654250590795,1271.5624843251917,1283.9290771484375,581821,0.0,0.0
2025-05-08,1295.9964024237026,1315.443828239218,1266.775349809552,1279.042236328125,354191,0.0,0.0
2025-05-09,1246.6298615191224,1310.9559623735092,1246.6298615191224,1269.966796875,473234,0.0,0.0
2025-05-12,1299.187694868335,1339.0798494262474,1293.203871684648,1326.71337890625,699720,0.0,0.0
2025-05-13,1335.3899705627177,1353.7403873369135,1325.7161710781247,1340.4761962890625,406245,0.0,0.0
2025-05-14,1341.3737570992994,1347.8562325053554,1304.473512480211,1323.123046875,785707,0.0,0.0
2025-05-15,1326.4142100016277,1347.7565381799693,1326.4142100016277,1340.37646484375,581965,0.0,0.0
2025-05-16,1346.8589104777577,1370.1958459738532,1333.8939598400598,1356.0340576171875,532359,0.0,0.0
2025-05-19,1367.8022849711754,1425.0475525985585,1352.4437807187753,1415.27392578125,2201575,0.0,0.0
2025-05-20,1435.1203664112418,1436.0179643034505,1357.3306592673384,1361.519287109375,1798357,0.0,0.0
2025-05-21,1372.2902276938803,1380.8670172687262,1343.4681193482897,1373.985595703125,982148,0.0,0.0
2025-05-22,1382.2632637846823,1444.6944662134408,1369.8966705540965,1438.51123046875,3966338,0.0,0.0
2025-05-23,1466.0367739447458,1466.0367739447458,1428.7375826947818,1452.7725830078125,1930236,0.0,0.0
2025-05-26,1465.0394086382125,1510.3170294140725,1449.7806104848482,1504.63232421875,2382277,0.0,0.0
2025-05-27,1507.8237721625185,1525.5757083188678,1490.9693121121418,1523.281982421875,1265085,0.0,0.0
2025-05-28,1525.874921679756,1533.7536466039885,1500.842618881484,1520.7886962890625,846899,0.0,0.0
2025-05-29,1526.8722004014387,1530.8614158172493,1493.9611732210028,1497.7509765625,583619,0.0,0.0
2025-05-30,1505.4302016266536,1514.7051763748893,1486.182188113087,1494.0609130859375,2396862,0.0,0.0
2025-06-02,1494.0609126497804,1508.6215248946733,1486.18218767923,1505.5299072265625,517806,0.0,0.0
2025-06-03,1511.015077937986,1514.9045874020037,1478.4032898944738,1491.6673583984375,932836,0.0,0.0
2025-06-04,1492.4653360088732,1521.5865621613457,1481.4949927438565,1518.2955322265625,586727,0.0,0.0
2025-06-05,1525.8749617469362,1532.8560890229026,1503.435624074187,1506.1282958984375,512191,0.0,0.0
2025-06-06,1506.9261387057172,1531.6593232327057,1499.9450116567828,1522.1849365234375,687601,0.0,0.0
2025-06-09,1534.3519882970288,1547.7158843665418,1513.0096613491435,1530.76171875,596851,0.0,0.0
2025-06-10,1543.826420457145,1545.8210282355135,1514.007009822298,1516.5999755859375,441487,0.0,0.0
2025-06-11,1515.9019388744262,1533.2550512071498,1512.1121353307603,1521.48681640625,472757,0.0,0.0
2025-06-12,1520.8884483146367,1523.8803600162391,1491.1687433822383,1495.157958984375,286344,0.0,0.0
2025-06-13,1467.033955294673,1526.1741219714177,1461.8480239996254,1523.97998046875,598913,0.0,0.0
2025-06-16,1525.8749929234602,1563.5731296804024,1492.7645515774184,1548.3143310546875,967606,0.0,0.0
2025-06-17,1559.6836191519162,1572.648570064665,1547.7159721555327,1559.7833251953125,1143509,0.0,0.0
2025-06-18,1559.7833585193628,1586.6108587909862,1551.3062750491488,1567.5623779296875,1266973,0.0,0.0
2025-06-19,1567.6620705471341,1569.7563844500658,1507.424888879463,1515.4033203125,924980,0.0,0.0
2025-06-20,1515.901896354668,1560.7805709177997,1501.141750246315,1554.298095703125,1136065,0.0,0.0
2025-06-23,1529.864178018872,1529.864178018872,1479.998983168192,1494.6593017578125,2029097,0.0,0.0
2025-06-24,1515.9020223496834,1518.195870158932,1492.2659671450558,1496.9532470703125,808658,0.0,0.0
2025-06-25,1496.953147105428,1515.9019211194206,1495.1579513970967,1501.34130859375,372908,0.0,0.0
2025-06-26,1516.4006050350733,1525.6755801549843,1496.9531786633643,1518.19580078125,867630,0.0,0.0
2025-06-27,1520.8883869430329,1538.839856428262,1492.0662810323981,1496.354736328125,482191,0.0,0.0
2025-06-30,1505.928872576842,1508.3224262589786,1487.5784566687257,1502.737548828125,407056,0.0,0.0
2025-07-01,1505.8291821210937,1517.5972950898322,1487.5784720647605,1490.3709716796875,462599,0.0,0.0
2025-07-02,1494.0608961413561,1499.6457734383623,1479.5002840573486,1490.17138671875,473080,0.0,0.0
2025-07-03,1490.171472857543,1497.8507861083715,1483.9882372322227,1489.074462890625,567519,0.0,0.0
2025-07-04,1489.9719696179814,1506.626895414556,1466.6350349022318,1478.2037353515625,1180520,0.0,0.0
2025-07-07,1478.2038038942037,1488.4760828441474,1470.0259605442366,1484.686279296875,539073,0.0,0.0
2025-07-08,1480.9962264172643,1492.8641666539645,1461.149855331178,1481.9935302734375,924449,0.0,0.0
2025-07-09,1480.9963202252911,1501.9397025315075,1473.1175949142362,1488.5758056640625,701160,0.0,0.0
2025-07-10,1497.351995375443,1503.3358183581013,1480.996188207939,1487.578369140625,413242,0.0,0.0
2025-07-11,1487.5785622130675,1491.1688321204047,1463.7429732236255,1471.123046875,617853,0.0,0.0
2025-07-14,1475.910095508292,1493.9612721114654,1457.2604391601772,1490.9693603515625,533307,0.0,0.0
2025-07-15,1493.9612554505813,1503.7348824537473,1479.8992946840995,1500.9423828125,374777,0.0,0.0
2025-07-16,1502.937006450851,1505.8292121651878,1485.8831337783151,1488.5758056640625,213461,0.0,0.0
2025-07-17,1495.9558885848644,1516.8992710250525,1486.6809133791573,1501.0421142578125,698187,0.0,0.0
2025-07-18,1504.9314718873347,1509.7185789436908,1493.3627718658622,1502.837158203125,428441,0.0,0.0
2025-07-21,1505.829276680996,1505.928982728962,1492.9640312220238,1496.9532470703125,435616,0.0,0.0
2025-07-22,1508.920740035752,1517.7967687371422,1467.0339779197564,1471.023193359375,335179,0.0,0.0
2025-07-23,1474.0152147136253,1484.9855579895723,1446.090704556669,1479.1014404296875,998658,0.0,0.0
2025-07-24,1480.4975789442883,1485.3843922024812,1452.07441895782,1468.629638671875,577256,0.0,0.0
2025-07-25,1466.036721280462,1470.8238286586732,1430.133781167471,1436.3170166015625,485182,0.0,0.0
2025-07-28,1436.3170107742153,1444.9936276443711,1404.3035803182545,1408.0933837890625,619739,0.0,0.0
2025-07-29,1408.1931433865552,1423.6513542381783,1403.406035845701,1415.4735107421875,475975,0.0,0.0
2025-07-30,1416.1715482563834,1429.1364990502798,1401.3116956905235,1426.8426513671875,639913,0.0,0.0
2025-07-31,1419.9614077959561,1419.9614077959561,1392.2363093853535,1397.4222412109375,850995,0.0,0.0
2025-08-01,1395.4276289442753,1431.1311588153847,1392.435717113999,1399.317138671875,799571,0.0,0.0
2025-08-04,1399.3171371568071,1428.1392454388345,1390.1419895837096,1424.648681640625,245571,0.0,0.0
2025-08-05,1425.0476117786425,1430.5327834007765,1408.1931509914814,1423.1527099609375,451543,0.0,0.0
2025-08-06,1426.1446034389005,1426.7429614417536,1399.2173976397044,1414.4761962890625,211740,0.0,0.0
2025-08-07,1413.0798233628645,1422.0555578473952,1389.2442374390391,1412.08251953125,535103,0.0,0.0
2025-08-08,1401.7106988707033,1409.8885425475687,1357.230967139518,1372.0908203125,701093,0.0,0.0
2025-08-11,1371.3925248564972,1387.2496807096122,1361.6190199925481,1377.875,508003,0.0,0.0
2025-08-12,1306.5678570717027,1353.042195958459,1260.2929302748817,1265.8779296875,6627957,0.0,0.0
2025-08-13,1269.5678530409832,1296.4950580936984,1268.8697890138733,1288.6163330078125,2236725,0.0,0.0
2025-08-14,1280.7739334449575,1293.2619788178608,1269.0851717573473,1277.9765625,1459328,2.25,0.0
2025-08-18,1283.1715781877892,1341.415744805726,1283.1715781877892,1312.4434814453125,2809039,0.0,0.0
2025-08-19,1318.9373307466285,1369.588915161059,1302.7528729772637,1364.79345703125,1853945,0.0,0.0
2025-08-20,1375.683059482344,1396.662975422162,1367.7905905237947,1392.467041015625,1512987,0.0,0.0
2025-08-21,1417.6427984313784,1446.6150614014348,1387.4717319819156,1420.04052734375,2230880,0.0,0.0
2025-08-22,1418.641840763125,1433.6274940106227,1414.1461447888755,1423.7369384765625,811033,0.0,0.0
2025-08-25,1423.5372252804802,1425.0357906544255,1409.3507332349939,1412.9473876953125,493011,0.0,0.0
2025-08-26,1412.64767465315,1413.9464801368742,1383.8751696977413,1388.7705078125,904261,0.0,0.0
2025-08-28,1388.7704179577352,1390.7685050627615,1353.3043718435206,1360.49755859375,880210,0.0,0.0
2025-08-29,1354.3034555017996,1367.291022069078,1347.6099122831656,1358.49951171875,517230,0.0,0.0
2025-09-01,1367.690683050729,1410.6495576827094,1364.4937923246582,1405.9541015625,444781,0.0,0.0
2025-09-02,1405.9541075396112,1427.333543024031,1393.565942504685,1416.5439453125,598869,0.0,0.0
2025-09-03,1416.543958796562,1431.6294929145788,1413.8464678778284,1424.33642578125,445062,0.0,0.0
2025-09-04,1428.6323040996144,1428.6323040996144,1406.753225541223,1419.940673828125,464800,0.0,0.0
2025-09-05,1430.6304222974943,1456.8053156000035,1413.7465612190529,1453.508544921875,989366,0.0,0.0
2025-09-08,1468.6939130147714,1473.2894889995885,1452.2096942764606,1460.6016845703125,455948,0.0,0.0
2025-09-09,1458.6035974505173,1472.590207289084,1435.9253574222653,1460.6016845703125,828879,0.0,0.0
2025-09-10,1487.5758721208265,1491.871808242828,1431.72931230261,1437.0242919921875,1188661,0.0,0.0
2025-09-11,1440.720786317507,1458.8034515279437,1428.9321447220468,1439.0224609375,561578,0.0,0.0
2025-09-12,1454.407656976067,1476.9860169411727,1449.6121991279213,1459.7025146484375,1039980,0.0,0.0
2025-09-15,1459.5028315894215,1464.9975714344437,1450.4115591456434,1457.1051025390625,225412,0.0,0.0
2025-09-16,1463.5988104922935,1478.684343806997,1450.611244255843,1475.3875732421875,395894,0.0,0.0
2025-09-17,1475.3875754145292,1477.1857806470114,1453.9081389149273,1458.3038330078125,334619,0.0,0.0
2025-09-18,1458.3038430715703,1463.598822747576,1444.916756863212,1457.8043212890625,451590,0.0,0.0
2025-09-19,1458.6036934925783,1468.3943698056678,1445.6161263587403,1451.010986328125,716952,0.0,0.0
2025-09-22,1438.7226172756427,1460.202053978529,1433.7273994377622,1437.0242919921875,486882,0.0,0.0
2025-09-23,1437.523854106199,1451.6103444135113,1425.6352109277914,1435.0262451171875,489921,0.0,0.0
2025-09-24,1428.7321516102772,1449.2125443156967,1420.3401614280767,1438.5228271484375,567946,0.0,0.0
2025-09-25,1426.6342590643,1426.6342590643,1394.764743872361,1404.555419921875,866669,0.0,0.0
2025-09-26,1410.5496190209687,1413.8463895787575,1368.689669695766,1372.486083984375,376171,0.0,0.0
2025-09-29,1372.5860092678197,1386.6724994609685,1362.9952152184562,1365.392822265625,580505,0.0,0.0
2025-09-30,1377.8808239962807,1380.1786729570756,1348.7088009352528,1365.0931396484375,519075,0.0,0.0
2025-10-01,1368.2900729879418,1380.1787160693714,1357.4004734939674,1375.0836181640625,345411,0.0,0.0
2025-10-03,1375.0836680890277,1385.7733860814833,1359.4986119495945,1382.2767333984375,509629,0.0,0.0
2025-10-06,1381.6773316149147,1396.6629859708248,1367.091319099209,1382.2767333984375,464100,0.0,0.0
2025-10-07,1391.867465525974,1423.6371001206169,1388.9703367096308,1418.04248046875,950549,0.0,0.0
2025-10-08,1418.5420035897923,1425.6351886168652,1394.8645975723714,1404.6552734375,543303,0.0,0.0
2025-10-09,1404.6552469877213,1413.6466390381404,1393.7656477803903,1404.755126953125,580693,0.0,0.0
2025-10-10,1404.7551916710065,1432.6285327021592,1389.7695375632434,1425.735107421875,734185,0.0,0.0
2025-10-13,1423.237470831521,1424.6361562451953,1401.258511899267,1419.8406982421875,446670,0.0,0.0
2025-10-14,1425.7350342879704,1426.634197879026,1401.6581089805838,1417.2431640625,388990,0.0,0.0
2025-10-15,1417.2431967280959,1447.614145919324,1413.6466642345365,1437.4239501953125,558872,0.0,0.0
2025-10-16,1436.5247877992251,1447.3143852890337,1430.4306463530977,1443.418212890625,453099,0.0,0.0
2025-10-17,1447.2145293286446,1455.1069981307774,1433.8273207464092,1441.0205078125,458773,0.0,0.0
2025-10-20,1440.6207981116106,1450.6112336047563,1431.3296443215618,1446.8148193359375,449269,0.0,0.0
2025-10-21,1458.6036124443376,1458.6036124443376,1443.6179588918274,1445.3162841796875,32936,0.0,0.0
2025-10-23,1445.3163205635153,1460.6017363532892,1433.827319217371,1454.40771484375,833768,0.0,0.0
2025-10-24,1449.6122726901215,1456.1060561308423,1423.737018897152,1429.431640625,621026,0.0,0.0
2025-10-27,1429.331574481613,1439.2221301299637,1409.6504651038967,1433.8272705078125,487878,0.0,0.0
2025-10-28,1433.6275742552339,1454.4077300363176,1425.1357036063353,1448.81298828125,571560,0.0,0.0
2025-10-29,1454.6074157879043,1466.3961785159606,1447.5142309395405,1463.3990478515625,420127,0.0,0.0
2025-10-30,1463.299141541345,1466.795794211605,1451.6103799679029,1463.4990234375,343690,0.0,0.0
2025-10-31,1466.5960400258637,1466.9956818661753,1443.6180366739598,1448.713134765625,397294,0.0,0.0
2025-11-03,1458.6036596857318,1484.5787933513682,1438.6227876352425,1479.2838134765625,693278,0.0,0.0
2025-11-04,1485.5778654201383,1490.5730835284778,1460.9015367463685,1465.7967529296875,429263,0.0,0.0
2025-11-06,1481.0821514664922,1570.996076344728,1481.0821514664922,1564.6021728515625,5837826,0.0,0.0
2025-11-07,1558.6079178925197,1577.4898665888243,1546.5195145531984,1555.8106689453125,613713,0.0,0.0
2025-11-10,1566.9000244140625,1578.3890259444556,1553.4129356609924,1566.9000244140625,505341,0.0,0.0
2025-11-11,1568.0,1575.800048828125,1550.0,1555.800048828125,274619,1.5,0.0
2025-11-12,1560.0,1589.800048828125,1557.199951171875,1585.199951171875,677752,0.0,0.0
2025-11-13,1592.800048828125,1593.5,1545.699951171875,1550.5999755859375,970265,0.0,0.0
2025-11-14,1548.0,1554.0,1507.5,1514.0,657446,0.0,0.0
2025-11-17,1508.0999755859375,1508.0999755859375,1456.4000244140625,1465.699951171875,1764724,0.0,0.0
2025-11-18,1473.5,1473.5,1436.0999755859375,1449.800048828125,1005948,0.0,0.0
2025-11-19,1451.0,1457.5,1436.4000244140625,1448.199951171875,931531,0.0,0.0
2025-11-20,1458.0,1464.800048828125,1449.0,1462.4000244140625,337761,0.0,0.0
2025-11-21,1462.0999755859375,1467.0,1444.9000244140625,1452.5999755859375,454922,0.0,0.0
2025-11-24,1448.0,1514.9000244140625,1438.300048828125,1473.199951171875,2705698,0.0,0.0
2025-11-25,1475.0999755859375,1476.5999755859375,1444.800048828125,1465.5,1562164,0.0,0.0
2025-11-26,1465.0,1481.4000244140625,1457.699951171875,1466.0,650660,0.0,0.0
2025-11-27,1469.9000244140625,1479.0999755859375,1460.5,1471.0,369425,0.0,0.0
2025-11-28,1470.0999755859375,1470.0999755859375,1436.5999755859375,1440.800048828125,527824,0.0,0.0
2025-12-01,1450.5,1450.5,1423.5,1440.5,437147,0.0,0.0
2025-12-02,1433.0,1439.5,1413.4000244140625,1419.699951171875,636694,0.0,0.0
2025-12-03,1421.0999755859375,1426.300048828125,1401.0999755859375,1409.5999755859375,552547,0.0,0.0
2025-12-04,1404.5999755859375,1446.9000244140625,1404.5999755859375,1440.699951171875,783804,0.0,0.0
2025-12-05,1440.0,1465.9000244140625,1433.0,1459.5,713691,0.0,0.0
2025-12-08,1454.0,1466.0,1422.699951171875,1433.300048828125,643243,0.0,0.0
2025-12-09,1422.0,1440.0,1421.0,1428.4000244140625,495324,0.0,0.0
2025-12-10,1428.9000244140625,1434.0,1386.4000244140625,1392.4000244140625,402324,0.0,0.0
2025-12-11,1399.0,1412.199951171875,1388.199951171875,1406.699951171875,510796,0.0,0.0
2025-12-12,1410.0,1420.5999755859375,1404.699951171875,1416.4000244140625,229029,0.0,0.0
2025-12-15,1420.0,1431.9000244140625,1403.4000244140625,1430.5999755859375,171895,0.0,0.0
2025-12-16,1420.0,1471.5999755859375,1417.9000244140625,1462.9000244140625,831639,0.0,0.0
2025-12-17,1464.9000244140625,1464.9000244140625,1425.0,1428.9000244140625,357425,0.0,0.0
2025-12-18,1421.0999755859375,1428.0999755859375,1402.5,1407.9000244140625,451710,0.0,0.0
2025-12-19,1405.0,1427.0,1403.800048828125,1423.5999755859375,1026091,0.0,0.0
2025-12-22,1425.800048828125,1432.9000244140625,1404.0,1408.0999755859375,366498,0.0,0.0
2025-12-23,1408.0999755859375,1419.800048828125,1396.0,1417.0,356529,0.0,0.0
2025-12-24,1419.9000244140625,1423.0,1392.199951171875,1396.5999755859375,342797,0.0,0.0
2025-12-26,1393.199951171875,1399.9000244140625,1386.0,1390.0,246603,0.0,0.0
2025-12-29,1391.0,1391.0999755859375,1366.0999755859375,1372.0,348663,0.0,0.0
2025-12-30,1377.0,1377.0,1350.0,1360.300048828125,608767,0.0,0.0
